"ID","index","Name of Project","FPIC","Protected Area","Forest Type","Contested","Customary_use","legal_tenure","deforestation_driver","monetary_benefit_yn","monetary_benefit_type_conditional","monetary_benefit_type","direct_cash_yn","employment_yn","non_cash_benefits_yn","non_cash_benefits_type","economic_activities_list","tenure_yn","tenure_type","education_yn","restriction_yn","enhancement_yn","infrastructure_yn","wellbeing_yn","standards","project_objectives","nationality","type_partner","dist_road_m","dist_road_track_m","dist_water_m","dist_urban_m","VCS Methodology","Country","Observed Post-REDD+ annual average forest area loss","SC Post-REDD+ annual average forest area loss","Difference Annual  (ha)","Observed Post-REDD+ cumulative forest loss area","SC Post-REDD+ cumulative forest loss area","Difference Cumulative (ha)","Significance","deforestation_outcome","deforestation_binary","driver_smallholder_ag","driver_industrial_ag","driver_livestock","driver_wood_extraction","driver_illegal_logging","driver_infrastructure","driver_mining","driver_oil_extraction","driver_local_livelihoods","driver_other","cu_private","cu_communities","cu_state","lt_public","lt_private","lt_communities","mb_PES","mb_job","mb_carbon","mb_pension","mb_grant","mb_ecotourism","mb_indirect","mb_none","ncb_training","ncb_infrastructure","ncb_microfinance","ncb_health","ncb_livelihood","ncb_land_rights","ncb_water","ea_processing","ea_agroforestry","ea_microenterprise","ea_ecotourism","ea_timber","ea_agriculture","ea_cookstoves","ea_ntfp","ea_fishing","ea_tree_planting","ea_mining","std_VCS","std_CCB","std_FSC","obj_forest_production","obj_social","obj_conservation","obj_climate","obj_return","local_developer","tp_private","tp_ngo","tp_public","tp_community","fpic","protected_area","contested","direct_cash","employment","education","ft_humid","ft_dry","ft_other","tt_titling","tt_planning","iso_code.x","country","continent","gdlcode","region","wealth_income_avg","WEALTH_AVG","INCOME_AVG","geometry","vcs_methodology","conditionality","forest_type","longitude","latitude","dist_urban_new","diff_annual","dist_water_km","dist_road_km","dist_urban_km","dist_urban_new_km","driver_ag_combined","fpic_f","protected_area_f","contested_f","direct_cash_f","employment_f","education_f","conditionality_f","tenure","rights_private","rights_communities","rights_public_state","cash_conditionality","Country_group","direct_cash_factor","project_type","n_drivers","Area","log_area","diff_annual_norm","Start_year"
844,37,"Madre de Dios Amazon REDD+ Project","ND","no","humid","ND","private","state","illegal logging;transient agriculture","yes","non-conditional","Ecotourism","yes","ND","yes","Training & Capacity Building; Health Services; Infrastructure & Equipment; Water & Sanitation","fishing;other","no","ND","yes","yes","yes","yes","yes","CCB;VCS;FSC","climate;indigenous peoples;biodiversity conservation","Uruguay","ngo/private non for profit",4674.938677,4674.938677,9320.788688,140835.1275,"VM0007","Peru",54.03,24.84,29.19,756.45,347.7,408.75,"Yes","Failure",0,TRUE,FALSE,FALSE,FALSE,TRUE,FALSE,FALSE,FALSE,FALSE,FALSE,TRUE,FALSE,FALSE,TRUE,FALSE,FALSE,FALSE,FALSE,FALSE,FALSE,FALSE,TRUE,FALSE,FALSE,TRUE,TRUE,FALSE,TRUE,FALSE,FALSE,TRUE,FALSE,FALSE,FALSE,FALSE,FALSE,FALSE,FALSE,FALSE,TRUE,FALSE,FALSE,TRUE,TRUE,TRUE,FALSE,TRUE,TRUE,TRUE,FALSE,FALSE,FALSE,TRUE,FALSE,FALSE,0,0,0,1,0,1,TRUE,FALSE,FALSE,FALSE,FALSE,"PER","Peru","America","PERr103","East (Madre de Dios, Cusco, Puno, Apurimac)",2.70647457937112,0,2.70647457937112,"POINT (-70.05049 -11.07506)","VM0007",0,"humid",-70.050486,-11.075057,71857.7458858838,29.19,9.320788688,4.674938677,140.8351275,71.8577458858838,0,"ND","No","ND","Yes","ND","Yes","Non-conditional",0,1,0,1,"Unconditional_cash","Peru","Yes","NGO_VCS_CCB",2,97955,11.4922634685221,0.0297993976826094,2009
856,20,"The Chocó–Darién Conservation Corridor REDD Project","no","no","humid","no","private;communities","communities","illegal logging;industrial agriculture or cattle ranching;industrial wood exploitation;local livelihoods","yes","both","PES","yes","yes","yes","Training & Capacity Building; Microfinance & Enterprise Support; Health Services; Infrastructure & Equipment","agriculture;conservation agriculture;micro-credits;microenterprise;processing and commercialization","yes","Land titling & tenure security","no","yes","yes","yes","yes","CCB;VCS","biodiversity conservation;social development;climate","United States;Colombia","private for-profit;ngo/private non for profit",7300.167008,6161.451903,807.1818881,73483.76606,"VM0009","Colombia",26.38,45.28,-18.9,342.9,588.58,-245.68,"No","Success",1,FALSE,TRUE,TRUE,TRUE,TRUE,FALSE,FALSE,FALSE,TRUE,FALSE,TRUE,TRUE,FALSE,FALSE,FALSE,TRUE,TRUE,FALSE,FALSE,FALSE,FALSE,FALSE,FALSE,FALSE,TRUE,TRUE,TRUE,TRUE,FALSE,FALSE,FALSE,TRUE,FALSE,TRUE,FALSE,FALSE,TRUE,FALSE,FALSE,FALSE,FALSE,FALSE,TRUE,TRUE,FALSE,FALSE,TRUE,TRUE,TRUE,FALSE,TRUE,TRUE,TRUE,FALSE,FALSE,0,0,0,1,1,0,TRUE,FALSE,FALSE,TRUE,FALSE,"COL","Colombia","America","COLr112","Choco",2.63979099877947,0,2.63979099877947,"POINT (-77.33083 8.405559)","VM0009",1,"humid",-77.330833,8.405559,12227.3052906713,-18.9,0.8071818881,6.161451903,73.48376606,12.2273052906713,1,"No","No","No","Yes","Yes","No","Conditional",1,1,1,0,"Conditional_cash","Colombia","Yes","Other",5,12711,9.45022303929467,-0.148690110927543,2010
875,1,"Florestal Santa Maria Project","no","no","humid","ND","private","state","fire;illegal logging;industrial agriculture or cattle ranching;local livelihoods;slash and burn agriculture","yes","conditional","PES","yes","yes","yes","Training & Capacity Building","processing and commercialization","no","ND","yes","no","no","no","no","VCS","timber production;social development;biodiversity conservation","Brazil","private for profit",4113.729213,2098.134798,806.3299777,354873.952,"VM0007","Brazil",53.11,97.44,-44.33,743.49,1364.12,-620.63,"No","Success",1,TRUE,TRUE,TRUE,FALSE,TRUE,FALSE,FALSE,FALSE,TRUE,TRUE,TRUE,FALSE,FALSE,TRUE,FALSE,FALSE,TRUE,FALSE,FALSE,FALSE,FALSE,FALSE,FALSE,FALSE,TRUE,FALSE,FALSE,FALSE,FALSE,FALSE,FALSE,TRUE,FALSE,FALSE,FALSE,FALSE,FALSE,FALSE,FALSE,FALSE,FALSE,FALSE,TRUE,FALSE,FALSE,TRUE,TRUE,TRUE,FALSE,FALSE,TRUE,TRUE,FALSE,FALSE,FALSE,0,0,0,1,1,1,TRUE,FALSE,FALSE,FALSE,FALSE,"BRA","Brazil","America","BRAr125","Mato Grosso",3.14931944770151,0,3.14931944770151,"POINT (-59.2649 -9.096279)","VM0007",1,"humid",-59.264904,-9.096279,39754.309246159,-44.33,0.8063299777,2.098134798,354.873952,39.754309246159,1,"No","No","ND","Yes","Yes","Yes","Conditional",0,1,0,1,"Conditional_cash","Brazil","Yes","Private_VCS_only",6,71662,11.1797159000425,-0.0618598420362256,2009
904,18,"Reduced Emissions from Deforestation and Degradation in Community Forests -- Oddar Meanchey, Cambodia","no","no","dry and humid","ND","communities","communities","energy wood;fire;illegal logging;industrial wood exploitation;local livelihoods;oil extraction","yes","conditional","Carbon revenue sharing","ND","yes","yes","Training & Capacity Building; Infrastructure & Equipment; Water & Sanitation","micro-credits;processing and commercialization","yes","Land titling & tenure security","yes","yes","yes","no","yes","CCB;VCS","biodiversity conservation;climate;social development","United States;Cambodia","ngo/private non for profit;public;private for profit",40.861436,40.861436,12553.72182,44692.85067,"VM0006","Cambodia",885.63,885.56,0.07,13284.45,13283.41,1.04,"Yes","Failure",0,FALSE,FALSE,FALSE,TRUE,TRUE,FALSE,FALSE,TRUE,TRUE,TRUE,FALSE,TRUE,FALSE,FALSE,FALSE,TRUE,FALSE,FALSE,TRUE,FALSE,FALSE,FALSE,FALSE,FALSE,TRUE,TRUE,FALSE,FALSE,FALSE,FALSE,TRUE,TRUE,FALSE,TRUE,FALSE,FALSE,FALSE,FALSE,FALSE,FALSE,FALSE,FALSE,TRUE,TRUE,FALSE,FALSE,TRUE,TRUE,TRUE,FALSE,TRUE,TRUE,TRUE,TRUE,FALSE,0,0,0,0,1,1,TRUE,TRUE,FALSE,TRUE,FALSE,"KHM","Cambodia","Asia/Pacific","KHMr117","Siem Reab-Otdar Mean Chey",2.59631540911405,2.59631540911405,0,"POINT (103.6626 14.30416)","VM0006",1,"dry and humid",103.66264,14.30416,12033.8608299975,0.07,12.55372182,0.040861436,44.69285067,12.0338608299975,0,"No","No","ND","ND","Yes","Yes","Conditional",1,0,1,0,"ND","Rest","ND","Other",5,63793,11.0633987454451,0.000109729907670121,2008
934,30,"The Mai Ndombe REDD+ Project","no","no","humid","yes","private;communities","state","charcoal production;energy wood;industrial wood exploitation;local livelihoods;slash and burn agriculture","yes","non-conditional","Job","yes","yes","yes","Training & Capacity Building; Health Services","agriculture;agroforestry;tree planting","no","ND","yes","yes","yes","yes","yes","VCS;CCB","return on investment;climate;social development","Canada;United States","private for profit;ngo/private non for profit",2879.870155,2572.372618,3048.929076,158196.8684,"VM0009","Democratic Republic of Congo",1139.81,1155.09,-15.28,13677.75,13861.12,-183.37,"No","Success",1,TRUE,FALSE,FALSE,TRUE,FALSE,FALSE,FALSE,FALSE,TRUE,FALSE,TRUE,TRUE,FALSE,TRUE,FALSE,FALSE,FALSE,TRUE,FALSE,FALSE,FALSE,FALSE,FALSE,FALSE,TRUE,FALSE,FALSE,TRUE,FALSE,FALSE,FALSE,FALSE,TRUE,FALSE,FALSE,FALSE,TRUE,FALSE,FALSE,FALSE,TRUE,FALSE,TRUE,TRUE,FALSE,FALSE,TRUE,FALSE,TRUE,TRUE,FALSE,TRUE,TRUE,FALSE,FALSE,0,0,1,1,1,1,TRUE,FALSE,FALSE,FALSE,FALSE,"COD","Congo Democratic Republic","Africa","CODr103","Bandundu",2.43816931502782,2.43816931502782,0,"POINT (18.1062 -2.045)","VM0009",0,"humid",18.1062,-2.045,20725.1034664938,-15.28,3.048929076,2.572372618,158.1968684,20.7251034664938,0,"No","No","Yes","Yes","Yes","Yes","Non-conditional",0,1,1,1,"Unconditional_cash","Rest","Yes","Other",3,251141,12.4337698133778,-0.00608423156712763,2011
944,36,"Alto Mayo Conservation Initiative","no","yes","humid","ND","state;private;communities","state","industrial agriculture or cattle ranching;infrastructure;local livelihoods","yes","conditional","PES","yes","ND","yes","Training & Capacity Building; Infrastructure & Equipment; Health Services","other","no","ND","yes","yes","yes","yes","yes","CCB;VCS","social development;biodiversity conservation;climate","Peru","ngo/private non for profit",5623.27944,5623.27944,873.7269979,56787.7906,"VM0015","Peru",271.42,737.57,-466.15,4071.33,11063.54,-6992.21,"Yes","Success",1,FALSE,TRUE,TRUE,FALSE,FALSE,TRUE,FALSE,FALSE,TRUE,FALSE,TRUE,TRUE,TRUE,TRUE,FALSE,FALSE,TRUE,FALSE,FALSE,FALSE,FALSE,FALSE,FALSE,FALSE,TRUE,TRUE,FALSE,TRUE,FALSE,FALSE,FALSE,FALSE,FALSE,FALSE,FALSE,FALSE,FALSE,FALSE,FALSE,FALSE,FALSE,FALSE,TRUE,TRUE,FALSE,FALSE,TRUE,TRUE,TRUE,FALSE,TRUE,FALSE,TRUE,FALSE,FALSE,0,1,0,1,0,1,TRUE,FALSE,FALSE,FALSE,FALSE,"PER","Peru","America","PERr102","North East (Amazonas, Loreto, San Martin, Ucayali)",2.70717511586071,0,2.70717511586071,"POINT (-77.3315 -5.6432)","VM0015",1,"humid",-77.3315,-5.6432,19111.032754559,-466.15,0.8737269979,5.62327944,56.7877906,19.111032754559,1,"No","Yes","ND","Yes","ND","Yes","Conditional",0,1,1,1,"Conditional_cash","Peru","Yes","NGO_VCS_CCB",4,177750,12.0881333476655,-0.26225035161744,2008
958,35,"Biocorredor Martin Sagrado REDD+ Project","no","no","humid","yes","private;communities","private;communities","industrial agriculture or cattle ranching;industrial wood exploitation;infrastructure;local livelihoods;mining","yes","non-conditional","Job","no","yes","yes","Training & Capacity Building; Health Services","agroforestry;ecotourism;micro-credits;processing and commercialization","yes","Land use planning & demarcation","yes","yes","yes","no","yes","CCB;VCS","biodiversity conservation;social development;climate","France","private for profit",15411.07675,15411.07675,168.9580522,110540.5047,"VM0015","Peru",259.16,531.4,-272.24,3369.06,6908.15,-3539.09,"No","Success",1,FALSE,TRUE,TRUE,TRUE,FALSE,TRUE,TRUE,FALSE,TRUE,FALSE,TRUE,TRUE,FALSE,FALSE,TRUE,TRUE,FALSE,TRUE,FALSE,FALSE,FALSE,FALSE,FALSE,FALSE,TRUE,FALSE,FALSE,TRUE,FALSE,FALSE,FALSE,TRUE,TRUE,TRUE,TRUE,FALSE,FALSE,FALSE,FALSE,FALSE,FALSE,FALSE,TRUE,TRUE,FALSE,FALSE,TRUE,TRUE,TRUE,FALSE,FALSE,TRUE,FALSE,FALSE,FALSE,0,0,1,0,1,1,TRUE,FALSE,FALSE,FALSE,TRUE,"PER","Peru","America","PERr102","North East (Amazonas, Loreto, San Martin, Ucayali)",2.70717511586071,0,2.70717511586071,"POINT (-77.19922 -7.06739)","VM0015",0,"humid",-77.19922,-7.06739,48846.6204382329,-272.24,0.1689580522,15.41107675,110.5405047,48.8466204382329,1,"No","No","Yes","No","Yes","Yes","Non-conditional",1,1,1,0,"No_cash","Peru","No","Private_VCS_CCB",6,295625,12.5968470382283,-0.0920896405919662,2010
963,3,"The Purus Project","yes","no","humid","no","private","state","fire;local livelihoods;slash and burn agriculture","yes","conditional","Carbon revenue sharing","yes","yes","yes","Training & Capacity Building; Health Services; Infrastructure & Equipment","ecotourism","yes","Land titling & tenure security","yes","yes","yes","yes","yes","CCB;VCS","social development;biodiversity conservation;ND","United States","private for profit",11245.88314,11245.88314,2387.689868,200416.6107,"VM0007","Brazil",210.65,210.08,0.57,2527.83,2520.94,6.89,"No","Failure",0,TRUE,FALSE,FALSE,FALSE,FALSE,FALSE,FALSE,FALSE,TRUE,TRUE,TRUE,FALSE,FALSE,TRUE,FALSE,FALSE,FALSE,FALSE,TRUE,FALSE,FALSE,FALSE,FALSE,FALSE,TRUE,TRUE,FALSE,TRUE,FALSE,FALSE,FALSE,FALSE,FALSE,FALSE,TRUE,FALSE,FALSE,FALSE,FALSE,FALSE,FALSE,FALSE,TRUE,TRUE,FALSE,FALSE,TRUE,TRUE,FALSE,FALSE,FALSE,TRUE,FALSE,FALSE,FALSE,1,0,0,1,1,1,TRUE,FALSE,FALSE,TRUE,FALSE,"BRA","Brazil","America","BRAr102","Acre",2.54112444850257,0,2.54112444850257,"POINT (-69.444 -9.044)","VM0007",1,"humid",-69.444,-9.044,29883.9512153912,0.57,2.387689868,11.24588314,200.4166107,29.8839512153912,0,"Yes","No","No","Yes","Yes","Yes","Conditional",1,1,0,1,"Conditional_cash","Brazil","Yes","Private_VCS_CCB",3,35822,10.4863175087852,0.00159120093797108,2011
977,2,"RMDLT Portel–Pará REDD Project","no","no","humid","ND","private;communities","state","industrial agriculture or cattle ranching;infrastructure;slash and burn agriculture","yes","non-conditional","Job","no","yes","yes","Training & Capacity Building; Infrastructure & Equipment; Microfinance & Enterprise Support","agroforestry;microenterprise","yes","Land titling & tenure security","yes","no","no","no","no","VCS;CCB","climate;biodiversity conservation;participatory forest management","Switzerland;United States;Belize","private for profit",18414.41253,56.00232894,5964.764441,131991.0368,"VM0015","Brazil",242.02,1874.99,-1632.97,3388.14,26249.8,-22861.66,NA,"Success",1,TRUE,TRUE,TRUE,FALSE,FALSE,TRUE,FALSE,FALSE,FALSE,FALSE,TRUE,TRUE,FALSE,TRUE,FALSE,FALSE,FALSE,TRUE,FALSE,FALSE,FALSE,FALSE,FALSE,FALSE,TRUE,TRUE,TRUE,FALSE,FALSE,FALSE,FALSE,FALSE,TRUE,TRUE,FALSE,FALSE,FALSE,FALSE,FALSE,FALSE,FALSE,FALSE,TRUE,TRUE,FALSE,TRUE,FALSE,TRUE,TRUE,FALSE,FALSE,TRUE,FALSE,FALSE,FALSE,0,0,0,0,1,1,TRUE,FALSE,FALSE,TRUE,FALSE,"BRA","Brazil","America","BRAr105","Para",2.45272766955273,0,2.45272766955273,"POINT (-51.062 -2.737)","VM0015",0,"humid",-51.062,-2.737,81496.2837847382,-1632.97,5.964764441,0.05600232894,131.9910368,81.4962837847382,1,"No","No","ND","No","Yes","Yes","Non-conditional",1,1,1,1,"No_cash","Brazil","No","Private_VCS_CCB",4,194534,12.1783622339616,-0.83942652698243,2009
981,17,"Pacajai REDD+ Project","yes","ND","humid","ND","private;communities","private","other land speculation;illegal logging;infrastructure","no","ND","None","ND","ND","yes","Training & Capacity Building; Legal & Land Rights; Infrastructure & Equipment","agroforestry;fuel efficient cookstoves","yes","Land titling & tenure security","yes","yes","yes","ND","ND","VCS;CCB","ecosystem restoration;climate;biodiversity conservation","Guernsey","private for profit",31073.47933,23266.33373,14643.24195,96998.65833,"VM0015","Brazil",516.34,2289.87,-1773.53,7228.71,32058.16,-24829.45,NA,"Success",1,FALSE,FALSE,FALSE,FALSE,TRUE,TRUE,FALSE,FALSE,FALSE,TRUE,TRUE,TRUE,FALSE,FALSE,TRUE,FALSE,FALSE,FALSE,FALSE,FALSE,FALSE,FALSE,FALSE,TRUE,TRUE,TRUE,FALSE,FALSE,FALSE,TRUE,FALSE,FALSE,TRUE,FALSE,FALSE,FALSE,FALSE,TRUE,FALSE,FALSE,FALSE,FALSE,TRUE,TRUE,FALSE,FALSE,FALSE,TRUE,TRUE,FALSE,FALSE,TRUE,FALSE,FALSE,FALSE,1,0,0,0,0,1,TRUE,FALSE,FALSE,TRUE,FALSE,"BRA","Brazil","America","BRAr105","Para",2.45272766955273,0,2.45272766955273,"POINT (-51.31586 -1.979919)","VM0015",0,"humid",-51.315856,-1.979919,53724.2955690064,-1773.53,14.64324195,23.26633373,96.99865833,53.7242955690064,0,"Yes","ND","ND","ND","ND","Yes","ND",1,1,1,0,"ND","Brazil","ND","Private_VCS_CCB",3,149302,11.9137263792848,-1.18788093930423,2009
985,38,"Cordillera Azul National Park REDD Project","no","yes","humid","ND","state","state","illegal logging;industrial agriculture or cattle ranching;industrial wood exploitation;local livelihoods;oil extraction","yes","non-conditional","Job","no","yes","yes","Training & Capacity Building","agroforestry;ecotourism","yes","Land titling & tenure security; Land use planning & demarcation","yes","yes","ND","ND","ND","VCS;CCB","biodiversity conservation;climate;social development","Peru","ngo/private non for profit",33053.55759,33053.55759,3052.939065,149526.9218,"VM0007","Peru",478.46,650.58,-172.12,7176.96,9758.73,-2581.77,"Yes","Success",1,FALSE,TRUE,TRUE,TRUE,TRUE,FALSE,FALSE,TRUE,TRUE,FALSE,FALSE,FALSE,TRUE,TRUE,FALSE,FALSE,FALSE,TRUE,FALSE,FALSE,FALSE,FALSE,FALSE,FALSE,TRUE,FALSE,FALSE,FALSE,FALSE,FALSE,FALSE,FALSE,TRUE,FALSE,TRUE,FALSE,FALSE,FALSE,FALSE,FALSE,FALSE,FALSE,TRUE,TRUE,FALSE,FALSE,TRUE,TRUE,TRUE,FALSE,TRUE,FALSE,TRUE,FALSE,FALSE,0,1,0,0,1,1,TRUE,FALSE,FALSE,TRUE,TRUE,"PER","Peru","America","PERr102","North East (Amazonas, Loreto, San Martin, Ucayali)",2.70717511586071,0,2.70717511586071,"POINT (-76.093 -7.817)","VM0007",0,"humid",-76.093,-7.817,61060.3796089049,-172.12,3.052939065,33.05355759,149.5269218,61.060379608905,1,"No","Yes","ND","No","Yes","Yes","Non-conditional",1,0,0,1,"No_cash","Peru","No","NGO_VCS_CCB",6,1346518,14.1130325591355,-0.0127825992671468,2008
1067,34,"Reduction of deforestation and degradation in Tambopata National Reserve and Bahuaja- Sonene National Park within the area of Madre de Dios region –Peru","no","yes","humid","ND","communities","communities","infrastructure;local livelihoods;mining","yes","conditional","PES","yes","ND","yes","Training & Capacity Building","agroforestry;ecotourism;processing and commercialization;sustainable mining activities","no","ND","no","yes","no","no","no","CCB;VCS","climate;social development;biodiversity conservation","Peru","ngo/private non for profit",933.4834158,188.553544,4941.732255,35899.8781,"VM0007","Peru",261.42,384.13,-122.71,3398.49,4993.68,-1595.19,"No","Success",1,FALSE,FALSE,FALSE,FALSE,FALSE,TRUE,TRUE,FALSE,TRUE,FALSE,FALSE,TRUE,FALSE,FALSE,FALSE,TRUE,TRUE,FALSE,FALSE,FALSE,FALSE,FALSE,FALSE,FALSE,TRUE,FALSE,FALSE,FALSE,FALSE,FALSE,FALSE,TRUE,TRUE,FALSE,TRUE,FALSE,FALSE,FALSE,FALSE,FALSE,FALSE,TRUE,TRUE,TRUE,FALSE,FALSE,TRUE,TRUE,TRUE,FALSE,TRUE,FALSE,TRUE,FALSE,FALSE,0,1,0,1,0,0,TRUE,FALSE,FALSE,FALSE,FALSE,"PER","Peru","America","PERr103","East (Madre de Dios, Cusco, Puno, Apurimac)",2.70647457937112,0,2.70647457937112,"POINT (-69.53787 -12.68988)","VM0007",1,"humid",-69.537872,-12.689883,145952.791981202,-122.71,4.941732255,0.188553544,35.8998781,145.952791981202,0,"No","Yes","ND","Yes","ND","No","Conditional",0,0,1,0,"Conditional_cash","Peru","Yes","NGO_VCS_CCB",3,556850,13.2300511828212,-0.0220364550597109,2010
1112,9,"The Russas Project","no","no","humid","no","communities","communities","illegal logging;infrastructure;local livelihoods","yes","conditional","Carbon revenue sharing","yes","yes","yes","Training & Capacity Building","other","yes","Land titling & tenure security","yes","yes","yes","ND","ND","VCS;CCB","biodiversity conservation;climate;ND","United States;Brazil","private for profit",15749.21178,15070.54707,3814.620821,59061.91468,"VM0007","Brazil",50.28,42.24,8.04,603.36,506.92,96.44,"No","Failure",0,FALSE,FALSE,FALSE,FALSE,TRUE,TRUE,FALSE,FALSE,TRUE,FALSE,FALSE,TRUE,FALSE,FALSE,FALSE,TRUE,FALSE,FALSE,TRUE,FALSE,FALSE,FALSE,FALSE,FALSE,TRUE,FALSE,FALSE,FALSE,FALSE,FALSE,FALSE,FALSE,FALSE,FALSE,FALSE,FALSE,FALSE,FALSE,FALSE,FALSE,FALSE,FALSE,TRUE,TRUE,FALSE,FALSE,FALSE,TRUE,TRUE,FALSE,TRUE,TRUE,FALSE,FALSE,FALSE,0,0,0,1,1,1,TRUE,FALSE,FALSE,TRUE,FALSE,"BRA","Brazil","America","BRAr102","Acre",2.54112444850257,0,2.54112444850257,"POINT (-72.60833 -8.166667)","VM0007",1,"humid",-72.608333,-8.166667,68862.4439339483,8.04,3.814620821,15.07054707,59.06191468,68.8624439339483,0,"No","No","No","Yes","Yes","Yes","Conditional",1,0,1,0,"Conditional_cash","Brazil","Yes","Private_VCS_CCB",3,42519,10.657706313835,0.018909193537007,2011
1113,8,"The Valparaiso Project","no","no","humid","no","communities","communities","illegal logging;infrastructure;local livelihoods","yes","conditional","Carbon revenue sharing","yes","yes","yes","Training & Capacity Building","agriculture;other","yes","Land titling & tenure security","yes","yes","yes","no","yes","VCS;CCB","biodiversity conservation;climate;ND","United States;Brazil","private for profit;ngo/private non for profit",4680.501374,4651.400834,381.0277236,62478.84429,"VM0007","Brazil",76.94,102.87,-25.93,923.22,1234.42,-311.2,"Yes","Success",1,FALSE,FALSE,FALSE,FALSE,TRUE,TRUE,FALSE,FALSE,TRUE,FALSE,FALSE,TRUE,FALSE,FALSE,FALSE,TRUE,FALSE,FALSE,TRUE,FALSE,FALSE,FALSE,FALSE,FALSE,TRUE,FALSE,FALSE,FALSE,FALSE,FALSE,FALSE,FALSE,FALSE,FALSE,FALSE,FALSE,TRUE,FALSE,FALSE,FALSE,FALSE,FALSE,TRUE,TRUE,FALSE,FALSE,FALSE,TRUE,TRUE,FALSE,TRUE,TRUE,TRUE,FALSE,FALSE,0,0,0,1,1,1,TRUE,FALSE,FALSE,TRUE,FALSE,"BRA","Brazil","America","BRAr102","Acre",2.54112444850257,0,2.54112444850257,"POINT (-72.3491 -8.107619)","VM0007",1,"humid",-72.349104,-8.107619,67226.0441559662,-25.93,0.3810277236,4.651400834,62.47884429,67.2260441559662,0,"No","No","No","Yes","Yes","Yes","Conditional",1,0,1,0,"Conditional_cash","Brazil","Yes","Other",3,28988,10.2746372302292,-0.0894508072305782,2011
1115,5,"Jari/Amapá REDD+ Project","yes","yes","humid","no","private","private","cattle grazing;illegal logging;infrastructure;local livelihoods;population increase;transient agriculture","yes","non-conditional","Job","no","yes","yes","Training & Capacity Building; Agricultural & Livelihood Support","agriculture;agroforestry;other;processing and commercialization","no","ND","yes","yes","no","ND","yes","CCB;VCS","climate;biodiversity conservation;social development","Brazil","private for profit;ngo/private non for profit",16072.30732,14975.50469,461.351292,153325.3601,"VM0015","Brazil",176.21,85.87,90.34,2114.46,1030.38,1084.08,"Yes","Failure",0,TRUE,FALSE,TRUE,FALSE,TRUE,TRUE,FALSE,FALSE,TRUE,TRUE,TRUE,FALSE,FALSE,FALSE,TRUE,FALSE,FALSE,TRUE,FALSE,FALSE,FALSE,FALSE,FALSE,FALSE,TRUE,FALSE,FALSE,FALSE,TRUE,FALSE,FALSE,TRUE,TRUE,FALSE,FALSE,FALSE,TRUE,FALSE,FALSE,FALSE,FALSE,FALSE,TRUE,TRUE,FALSE,FALSE,TRUE,TRUE,TRUE,FALSE,TRUE,TRUE,TRUE,FALSE,FALSE,1,1,0,0,1,1,TRUE,FALSE,FALSE,FALSE,FALSE,"BRA","Brazil","America","BRAr106","Amapa",2.74221772164797,0,2.74221772164797,"POINT (-52.5 -0.5)","VM0015",0,"humid",-52.5,-0.5,36183.2260823308,90.34,0.461351292,14.97550469,153.3253601,36.1832260823308,1,"Yes","Yes","No","No","Yes","Yes","Non-conditional",0,1,0,0,"No_cash","Brazil","No","Other",6,63707,11.0620497256327,0.141805453089927,2011
1118,4,"Suruí Forest Carbon Project","yes","no","humid","yes","communities","state","illegal logging;industrial agriculture or cattle ranching;infrastructure;local livelihoods","yes","conditional","PES","ND","yes","yes","Training & Capacity Building; Microfinance & Enterprise Support; Health Services","agroforestry;ecotourism;plantation forestry;tree planting","yes","ND","no","yes","no","no","yes","CCB;VCS","social development;biodiversity conservation;climate","Brazil","ngo/private non for profit",12284.64748,7111.917596,3597.621466,53634.21299,"VM0015","Brazil",381.13,56.29,324.84,5335.83,788.12,4547.71,"Yes","Failure",0,FALSE,TRUE,TRUE,FALSE,TRUE,TRUE,FALSE,FALSE,TRUE,FALSE,FALSE,TRUE,FALSE,TRUE,FALSE,FALSE,TRUE,FALSE,FALSE,FALSE,FALSE,FALSE,FALSE,FALSE,TRUE,FALSE,TRUE,TRUE,FALSE,FALSE,FALSE,FALSE,TRUE,FALSE,TRUE,TRUE,FALSE,FALSE,FALSE,FALSE,TRUE,FALSE,TRUE,TRUE,FALSE,FALSE,TRUE,TRUE,TRUE,FALSE,TRUE,FALSE,TRUE,FALSE,FALSE,1,0,1,0,1,0,TRUE,FALSE,FALSE,FALSE,FALSE,"BRA","Brazil","America","BRAr101","Rondonia",2.75660671334968,0,2.75660671334968,"POINT (-61.2 -11)","VM0015",1,"humid",-61.2,-11,61834.3309303452,324.84,3.597621466,7.111917596,53.63421299,61.8343309303452,1,"Yes","No","Yes","ND","Yes","No","Conditional",1,0,1,1,"ND","Brazil","ND","NGO_VCS_CCB",5,29687,10.2984645185299,1.09421632364335,2009
1201,44,"Gola REDD Project","yes","yes","humid","ND","communities","state","illegal logging;industrial agriculture or cattle ranching;local livelihoods;mining","yes","non-conditional","Ecotourism","yes","yes","yes","Training & Capacity Building; Agricultural & Livelihood Support; Infrastructure & Equipment","agriculture;agroforestry;ecotourism","yes","Land use planning & demarcation","yes","yes","no","no","yes","CCB;VCS","biodiversity conservation;social development;non timber production","Sierra Leone","ngo/private non for profit",2187.989043,2028.297372,1660.908896,25368.47764,"VM0007","Sierra Leone",10.73,1067.59,-1056.86,117.99,11743.54,-11625.55,"Yes","Success",1,FALSE,TRUE,TRUE,FALSE,TRUE,FALSE,TRUE,FALSE,TRUE,FALSE,FALSE,TRUE,FALSE,TRUE,FALSE,FALSE,FALSE,FALSE,FALSE,FALSE,FALSE,TRUE,FALSE,FALSE,TRUE,TRUE,FALSE,FALSE,TRUE,FALSE,FALSE,FALSE,TRUE,FALSE,TRUE,FALSE,TRUE,FALSE,FALSE,FALSE,FALSE,FALSE,TRUE,TRUE,FALSE,TRUE,TRUE,TRUE,FALSE,FALSE,TRUE,FALSE,TRUE,FALSE,FALSE,1,1,0,1,1,1,TRUE,FALSE,FALSE,FALSE,TRUE,"SLE","Sierra Leone","Africa","SLEr107","Kenema",2.96532112872771,2.96532112872771,0,"POINT (-10.9813 7.719627)","VM0007",0,"humid",-10.9813,7.719627,26460.3388485644,-1056.86,1.660908896,2.028297372,25.36847764,26.4603388485644,1,"Yes","Yes","ND","Yes","Yes","Yes","Non-conditional",1,0,1,1,"Unconditional_cash","Rest","Yes","NGO_VCS_CCB",5,69972,11.1558504410102,-1.51040416166467,2012
1202,46,"Lower Zambezi REDD+ Project","yes","yes","dry","no","private","private","charcoal production;local livelihoods;slash and burn agriculture","yes","conditional","Ecotourism","yes","yes","yes","Training & Capacity Building; Agricultural & Livelihood Support; Microfinance & Enterprise Support; Health Services; Water & Sanitation","agriculture;agroforestry;economic interest groups;ecotourism;microenterprise;tree planting","no","ND","yes","yes","yes","yes","yes","CCB;VCS","biodiversity conservation;climate;social development","Mauritius","private for profit",6555.254711,2388.793901,6538.034169,60528.45197,"VM0009","Zambia",2.89,185.92,-183.03,40.41,2602.92,-2562.51,"Yes","Success",1,TRUE,FALSE,FALSE,TRUE,FALSE,FALSE,FALSE,FALSE,TRUE,FALSE,TRUE,FALSE,FALSE,FALSE,TRUE,FALSE,FALSE,FALSE,FALSE,FALSE,FALSE,TRUE,FALSE,FALSE,TRUE,FALSE,TRUE,TRUE,TRUE,FALSE,TRUE,FALSE,TRUE,TRUE,TRUE,FALSE,TRUE,FALSE,FALSE,FALSE,TRUE,FALSE,TRUE,TRUE,FALSE,FALSE,TRUE,TRUE,TRUE,FALSE,FALSE,TRUE,FALSE,FALSE,FALSE,1,1,0,1,1,1,FALSE,TRUE,FALSE,FALSE,FALSE,"ZMB","Zambia","Africa","ZMBr105","Lusaka",4.30973975535567,4.30973975535567,0,"POINT (28.96333 -15.34278)","VM0009",1,"dry",28.963333,-15.342778,30086.1436833882,-183.03,6.538034169,2.388793901,60.52845197,30.0861436833882,0,"Yes","Yes","No","Yes","Yes","Yes","Conditional",0,1,0,0,"Conditional_cash","Rest","Yes","Private_VCS_CCB",3,33729,10.4261132804179,-0.542648759227964,2009
1218,39,"Evio Kuiñaji Ese´Eja Cuana, To Mitigate Climate Change, Madre de Dios - Perú","ND","no","humid","no","communities","state;communities","illegal logging;industrial agriculture or cattle ranching;infrastructure;local livelihoods","ND","ND","ND","ND","no","yes","Training & Capacity Building","agroforestry;ecotourism","yes","ND","yes","no","yes","ND","ND","CCB;VCS","biodiversity conservation;climate;participatory forest management","Peru","local communities/landowners/cooperatives",3096.829752,3096.829752,1699.280444,17071.05015,"VM0007","Peru",15.06,64.33,-49.27,180.72,771.97,-591.25,"No","Success",1,FALSE,TRUE,TRUE,FALSE,TRUE,TRUE,FALSE,FALSE,TRUE,FALSE,FALSE,TRUE,FALSE,TRUE,FALSE,TRUE,FALSE,FALSE,FALSE,FALSE,FALSE,FALSE,FALSE,FALSE,TRUE,FALSE,FALSE,FALSE,FALSE,FALSE,FALSE,FALSE,TRUE,FALSE,TRUE,FALSE,FALSE,FALSE,FALSE,FALSE,FALSE,FALSE,TRUE,TRUE,FALSE,TRUE,FALSE,TRUE,TRUE,FALSE,TRUE,FALSE,FALSE,FALSE,TRUE,0,0,0,0,0,1,TRUE,FALSE,FALSE,FALSE,FALSE,"PER","Peru","America","PERr103","East (Madre de Dios, Cusco, Puno, Apurimac)",2.70647457937112,0,2.70647457937112,"POINT (-69.24998 -12.76298)","VM0007",0,"humid",-69.249983,-12.762983,156294.281394047,-49.27,1.699280444,3.096829752,17.07105015,156.294281394047,1,"ND","No","No","ND","No","Yes","ND",1,0,1,1,"ND","Peru","ND","Other",5,7758,8.95647984799991,-0.635086362464553,2011
1311,32,"Carbon Emissions Reduction Project in the Corridor Ankeniheny–Zahamena (CAZ)","no","yes","humid","no","state;private;communities","state","local livelihoods;slash and burn agriculture","yes","non-conditional","Job; Grant","ND","yes","yes","Training & Capacity Building; Health Services","agriculture;agroforestry;conservation agriculture;ecotourism","no","ND","no","yes","yes","no","yes","VCS;CCB","biodiversity conservation;climate;social development","United States;Madagascar","ngo/private non for profit;public",438.9666426,438.9666426,404.2298383,64037.34441,"VM0015","Madagascar",3520.28,1980.88,1539.4,56324.52,31694.13,24630.39,"Yes","Failure",0,TRUE,FALSE,FALSE,FALSE,FALSE,FALSE,FALSE,FALSE,TRUE,FALSE,TRUE,TRUE,TRUE,TRUE,FALSE,FALSE,FALSE,TRUE,FALSE,FALSE,TRUE,FALSE,FALSE,FALSE,TRUE,FALSE,FALSE,TRUE,FALSE,FALSE,FALSE,FALSE,TRUE,FALSE,TRUE,FALSE,TRUE,FALSE,FALSE,FALSE,FALSE,FALSE,TRUE,TRUE,FALSE,FALSE,TRUE,TRUE,TRUE,FALSE,TRUE,FALSE,TRUE,TRUE,FALSE,0,1,0,0,1,0,TRUE,FALSE,FALSE,FALSE,FALSE,"MDG","Madagascar","Africa","MDGr111","Analanjirofo",3.13058562994335,3.13058562994335,0,"POINT (48.83333 -17.66667)","VM0015",0,"humid",48.833333,-17.666667,20759.6433802569,1539.4,0.4042298383,0.4389666426,64.03734441,20.7596433802569,0,"No","Yes","No","ND","Yes","No","Non-conditional",0,1,1,1,"ND","Rest","ND","Other",2,368958,12.8184380954063,0.41722906130237,2007
1329,6,"Maísa REDD+ Project","no","yes","humid","ND","private","private","cattle grazing;illegal logging;industrial agriculture or cattle ranching;local livelihoods","yes","non-conditional","Job","no","yes","yes","Training & Capacity Building","processing and commercialization","ND","ND","no","yes","no","no","no","VCS;CCB","climate;biodiversity conservation;social development","Brazil","private for profit",4583.860212,4583.860212,17511.91687,60592.92051,"VM0015","Brazil",137.07,667.55,-530.48,1507.77,7343.09,-5835.32,"Yes","Success",1,FALSE,TRUE,TRUE,FALSE,TRUE,FALSE,FALSE,FALSE,TRUE,FALSE,TRUE,FALSE,FALSE,FALSE,TRUE,FALSE,FALSE,TRUE,FALSE,FALSE,FALSE,FALSE,FALSE,FALSE,TRUE,FALSE,FALSE,FALSE,FALSE,FALSE,FALSE,TRUE,FALSE,FALSE,FALSE,FALSE,FALSE,FALSE,FALSE,FALSE,FALSE,FALSE,TRUE,TRUE,FALSE,FALSE,TRUE,TRUE,TRUE,FALSE,TRUE,TRUE,FALSE,FALSE,FALSE,0,1,0,0,1,0,TRUE,FALSE,FALSE,FALSE,FALSE,"BRA","Brazil","America","BRAr105","Para",2.45272766955273,0,2.45272766955273,"POINT (-49.41667 -3.25)","VM0015",0,"humid",-49.416667,-3.25,56674.8146127102,-530.48,17.51191687,4.583860212,60.59292051,56.6748146127102,1,"No","Yes","ND","No","Yes","No","Non-conditional",0,1,0,0,"No_cash","Brazil","No","Private_VCS_CCB",4,28737,10.265940770051,-1.84598253123151,2012
1360,41,"Forest Management to reduce deforestation and degradation in Shipibo Conibo and Cacataibo Indigenous communities of Ucayali region","ND","no","humid","no","communities","ND","cattle grazing;illegal logging;local livelihoods;mining","yes","conditional","Carbon revenue sharing","yes","ND","yes","Infrastructure & Equipment; Agricultural & Livelihood Support","agriculture;agroforestry;fishing;plantation forestry;processing and commercialization;tree planting","no","ND","yes","yes","yes","no","no","VCS;CCB;FSC","climate;social development;biodiversity conservation","Peru","ngo/private non for profit",1574.5265,1574.5265,49.48531877,85716.7524,"VM0015","Peru",1088.28,436.01,652.27,14147.64,5668.12,8479.52,NA,"Failure",0,FALSE,FALSE,TRUE,FALSE,TRUE,FALSE,TRUE,FALSE,TRUE,FALSE,FALSE,TRUE,FALSE,FALSE,FALSE,FALSE,FALSE,FALSE,TRUE,FALSE,FALSE,FALSE,FALSE,FALSE,FALSE,TRUE,FALSE,FALSE,TRUE,FALSE,FALSE,TRUE,TRUE,FALSE,FALSE,TRUE,TRUE,FALSE,FALSE,TRUE,TRUE,FALSE,TRUE,TRUE,TRUE,FALSE,TRUE,TRUE,TRUE,FALSE,TRUE,FALSE,TRUE,FALSE,FALSE,0,0,0,1,0,1,TRUE,FALSE,FALSE,FALSE,FALSE,"PER","Peru","America","PERr102","North East (Amazonas, Loreto, San Martin, Ucayali)",2.70717511586071,0,2.70717511586071,"POINT (-75.27214 -9.003746)","VM0015",1,"humid",-75.27214,-9.003746,19470.2056408637,652.27,0.04948531877,1.5745265,85.7167524,19.4702056408637,1,"ND","No","No","Yes","ND","Yes","Conditional",0,0,1,0,"Conditional_cash","Peru","Yes","NGO_VCS_CCB",4,127004,11.7519738610077,0.513582249377972,2010
1389,28,"Acapa – Bajo Mira y Frontera REDD+ Project","yes","no","humid","no","communities","communities","illegal logging;local livelihoods","yes","conditional","PES","yes","yes","yes","Training & Capacity Building; Health Services; Water & Sanitation","agriculture;fishing","yes","Land titling & tenure security; Land use planning & demarcation","yes","yes","yes","yes","yes","CCB;VCS","climate;biodiversity conservation;social development","Colombia","public",7976.250094,6275.409981,220.1274703,18517.53599,"VM0006","Colombia",44.67,16.21,28.46,446.67,162.13,284.54,NA,"Failure",0,FALSE,FALSE,FALSE,FALSE,TRUE,FALSE,FALSE,FALSE,TRUE,FALSE,FALSE,TRUE,FALSE,FALSE,FALSE,TRUE,TRUE,FALSE,FALSE,FALSE,FALSE,FALSE,FALSE,FALSE,TRUE,FALSE,FALSE,TRUE,FALSE,FALSE,TRUE,FALSE,FALSE,FALSE,FALSE,FALSE,TRUE,FALSE,FALSE,TRUE,FALSE,FALSE,TRUE,TRUE,FALSE,FALSE,TRUE,TRUE,TRUE,FALSE,TRUE,FALSE,FALSE,TRUE,FALSE,1,0,0,1,1,1,TRUE,FALSE,FALSE,TRUE,TRUE,"COL","Colombia","America","COLr117","Narino",2.63522697477209,0,2.63522697477209,"POINT (-78.89278 1.642778)","VM0006",1,"humid",-78.892778,1.642778,39166.6012558936,28.46,0.2201274703,6.275409981,18.51753599,39.1666012558936,0,"Yes","No","No","Yes","Yes","Yes","Conditional",1,0,1,0,"Conditional_cash","Colombia","Yes","Other",2,58193,10.9715203515718,0.0489062258347224,2013
1390,25,"Carmen del Darién (CDD) REDD+ Project","yes","no","humid","no","communities","communities","illegal logging; local livelihoods; transient agriculture","yes","conditional","PES","yes","yes","yes","Training & Capacity Building; Health Services; Water & Sanitation","agriculture;fishing","yes","Land titling & tenure security; Land use planning & demarcation","yes","yes","yes","yes","yes","CCB;VCS","climate;biodiversity conservation;social development","Colombia","public",31281.88248,23911.3682,2116.518807,88118.60231,"VM0006","Colombia",259.68,64.8,194.88,2337.12,583.18,1753.94,"No","Failure",0,TRUE,FALSE,FALSE,FALSE,TRUE,FALSE,FALSE,FALSE,TRUE,FALSE,FALSE,TRUE,FALSE,FALSE,FALSE,TRUE,TRUE,FALSE,FALSE,FALSE,FALSE,FALSE,FALSE,FALSE,TRUE,FALSE,FALSE,TRUE,FALSE,FALSE,TRUE,FALSE,FALSE,FALSE,FALSE,FALSE,TRUE,FALSE,FALSE,TRUE,FALSE,FALSE,TRUE,TRUE,FALSE,FALSE,TRUE,TRUE,TRUE,FALSE,TRUE,FALSE,FALSE,TRUE,FALSE,1,0,0,1,1,1,TRUE,FALSE,FALSE,TRUE,TRUE,"COL","Colombia","America","COLr112","Choco",2.63979099877947,0,2.63979099877947,"POINT (-76.98083 6.924444)","VM0006",1,"humid",-76.980833,6.924444,57494.1501573226,194.88,2.116518807,23.9113682,88.11860231,57.4941501573226,0,"Yes","No","No","Yes","Yes","Yes","Conditional",1,0,1,0,"Conditional_cash","Colombia","Yes","Other",3,131455,11.7864198667112,0.148248450039938,2014
1391,26,"Sivirú–Usaragá–Pizarro–Pilizá (SUPP) REDD+ Project","yes","no","humid","no","communities","communities","illegal logging;local livelihoods","yes","conditional","PES","yes","yes","yes","Training & Capacity Building; Health Services; Water & Sanitation","agriculture;fishing","yes","Land titling & tenure security","yes","yes","yes","yes","yes","CCB;VCS","climate;biodiversity conservation;social development","Colombia","public",4883.651186,4883.651186,381.4881766,108183.5711,"VM0006","Colombia",19.53,6.19,13.34,195.3,61.92,133.38,"No","Failure",0,FALSE,FALSE,FALSE,FALSE,TRUE,FALSE,FALSE,FALSE,TRUE,FALSE,FALSE,TRUE,FALSE,FALSE,FALSE,TRUE,TRUE,FALSE,FALSE,FALSE,FALSE,FALSE,FALSE,FALSE,TRUE,FALSE,FALSE,TRUE,FALSE,FALSE,TRUE,FALSE,FALSE,FALSE,FALSE,FALSE,TRUE,FALSE,FALSE,TRUE,FALSE,FALSE,TRUE,TRUE,FALSE,FALSE,TRUE,TRUE,TRUE,FALSE,TRUE,FALSE,FALSE,TRUE,FALSE,1,0,0,1,1,1,TRUE,FALSE,FALSE,TRUE,FALSE,"COL","Colombia","America","COLr112","Choco",2.63979099877947,0,2.63979099877947,"POINT (-77.31861 4.96)","VM0006",1,"humid",-77.318611,4.96,4253.34129112058,13.34,0.3814881766,4.883651186,108.1835711,4.25334129112058,0,"Yes","No","No","Yes","Yes","Yes","Conditional",1,0,1,0,"Conditional_cash","Colombia","Yes","Other",2,54712,10.9098383427779,0.0243822196227519,2013
1392,24,"Cajambre REDD+ Project","yes","yes","humid","no","communities","communities","cattle grazing;illegal logging;industrial agriculture or cattle ranching","yes","conditional","PES","yes","yes","yes","Training & Capacity Building; Health Services","agriculture;fishing","yes","Land use planning & demarcation","yes","yes","ND","yes","yes","CCB;VCS","climate;biodiversity conservation;social development","Colombia","public",34813.11496,30069.7553,1330.533819,49297.22584,"VM0006","Colombia",3.53,2.83,0.7,35.28,28.27,7.01,"No","Failure",0,FALSE,TRUE,TRUE,FALSE,TRUE,FALSE,FALSE,FALSE,FALSE,FALSE,FALSE,TRUE,FALSE,FALSE,FALSE,TRUE,TRUE,FALSE,FALSE,FALSE,FALSE,FALSE,FALSE,FALSE,TRUE,FALSE,FALSE,TRUE,FALSE,FALSE,FALSE,FALSE,FALSE,FALSE,FALSE,FALSE,TRUE,FALSE,FALSE,TRUE,FALSE,FALSE,TRUE,TRUE,FALSE,FALSE,TRUE,TRUE,TRUE,FALSE,TRUE,FALSE,FALSE,TRUE,FALSE,1,1,0,1,1,1,TRUE,FALSE,FALSE,FALSE,TRUE,"COL","Colombia","America","COLr124","Valle (incl Cali)",3.23701750947009,0,3.23701750947009,"POINT (-77.19556 3.444167)","VM0006",1,"humid",-77.195556,3.444167,78065.9854342936,0.7,1.330533819,30.0697553,49.29722584,78.0659854342936,1,"Yes","Yes","No","Yes","Yes","Yes","Conditional",1,0,1,0,"Conditional_cash","Colombia","Yes","Other",3,66169,11.0999673543031,0.00105789720261754,2013
1395,27,"Bajo Calima y Bahía Málaga (BCBM) REDD+ Project","yes","yes","humid","yes","communities","communities","industrial wood exploitation;illegal logging;industrial agriculture or cattle ranching;cattle grazing","yes","conditional","PES","yes","yes","yes","Training & Capacity Building; Health Services; Water & Sanitation","agriculture;fishing","yes","Land titling & tenure security; Land use planning & demarcation","yes","yes","yes","yes","yes","CCB;VCS","climate;biodiversity conservation;social development","Colombia","public",5450.88852,5450.88852,9647.228581,14216.32769,"VM0006","Colombia",33.09,60.32,-27.23,330.93,603.21,-272.28,"Yes","Success",1,FALSE,TRUE,TRUE,TRUE,TRUE,FALSE,FALSE,FALSE,FALSE,FALSE,FALSE,TRUE,FALSE,FALSE,FALSE,TRUE,TRUE,FALSE,FALSE,FALSE,FALSE,FALSE,FALSE,FALSE,TRUE,FALSE,FALSE,TRUE,FALSE,FALSE,TRUE,FALSE,FALSE,FALSE,FALSE,FALSE,TRUE,FALSE,FALSE,TRUE,FALSE,FALSE,TRUE,TRUE,FALSE,FALSE,TRUE,TRUE,TRUE,FALSE,TRUE,FALSE,FALSE,TRUE,FALSE,1,1,1,1,1,1,TRUE,FALSE,FALSE,TRUE,TRUE,"COL","Colombia","America","COLr124","Valle (incl Cali)",3.23701750947009,0,3.23701750947009,"POINT (-77.15972 4.005278)","VM0006",1,"humid",-77.159722,4.005278,72340.7742843896,-27.23,9.647228581,5.45088852,14.21632769,72.3407742843896,1,"Yes","Yes","Yes","Yes","Yes","Yes","Conditional",1,0,1,0,"Conditional_cash","Colombia","Yes","Other",4,91831,11.4277052102357,-0.0296522960655988,2013
1396,21,"Rio Pepe y ACABA REDD+ Project","yes","no","humid","no","communities","communities","illegal logging;local livelihoods","yes","conditional","PES","yes","yes","yes","Training & Capacity Building; Health Services; Water & Sanitation","agriculture;agroforestry","yes","Land titling & tenure security","no","yes","no","yes","yes","CCB;VCS","climate;biodiversity conservation;social development","Colombia","public",956.497048,956.497048,1139.583359,60583.23708,"VM0006","Colombia",16.54,26.71,-10.17,148.86,240.35,-91.49,"Yes","Success",1,FALSE,FALSE,FALSE,FALSE,TRUE,FALSE,FALSE,FALSE,TRUE,FALSE,FALSE,TRUE,FALSE,FALSE,FALSE,TRUE,TRUE,FALSE,FALSE,FALSE,FALSE,FALSE,FALSE,FALSE,TRUE,FALSE,FALSE,TRUE,FALSE,FALSE,TRUE,FALSE,TRUE,FALSE,FALSE,FALSE,TRUE,FALSE,FALSE,FALSE,FALSE,FALSE,TRUE,TRUE,FALSE,FALSE,TRUE,TRUE,TRUE,FALSE,TRUE,FALSE,FALSE,TRUE,FALSE,1,0,0,1,1,0,TRUE,FALSE,FALSE,TRUE,FALSE,"COL","Colombia","America","COLr112","Choco",2.63979099877947,0,2.63979099877947,"POINT (-76.93361 5.201944)","VM0006",1,"humid",-76.93361,5.201944,14128.1674507736,-10.17,1.139583359,0.956497048,60.58323708,14.1281674507736,0,"Yes","No","No","Yes","Yes","No","Conditional",1,0,1,0,"Conditional_cash","Colombia","Yes","Other",2,57051,10.9517008836204,-0.0178261555450386,2014
1398,31,"Reducing Emissions from Deforestation and Carbon Enhancement in Xe Pian National Protected Area","yes","yes","other","no","state;communities","state","illegal logging;industrial agriculture or cattle ranching;local livelihoods","ND","ND","PES","ND","yes","no","ND","ecotourism","yes","Land use planning & demarcation","yes","yes","yes","yes","ND","CCB;VCS","biodiversity conservation;social development;climate","Austria;Lao People's Democratic Republic","private for-profit;ngo/private non for profit",6356.387049,6356.387049,6522.502142,50265.09587,"VM0015","Laos",989.92,337.51,652.41,8909.28,3037.6,5871.68,"No","Failure",0,FALSE,TRUE,TRUE,FALSE,TRUE,FALSE,FALSE,FALSE,TRUE,FALSE,FALSE,TRUE,TRUE,TRUE,FALSE,FALSE,TRUE,FALSE,FALSE,FALSE,FALSE,FALSE,FALSE,FALSE,FALSE,FALSE,FALSE,FALSE,FALSE,FALSE,FALSE,FALSE,FALSE,FALSE,TRUE,FALSE,FALSE,FALSE,FALSE,FALSE,FALSE,FALSE,TRUE,TRUE,FALSE,FALSE,TRUE,TRUE,TRUE,FALSE,FALSE,TRUE,TRUE,FALSE,FALSE,1,1,0,0,1,1,FALSE,FALSE,TRUE,FALSE,TRUE,"LAO","Lao","Asia/Pacific","LAOr116","Champasack",3.05585039728968,3.05585039728968,0,"POINT (106.0286 14.69083)","VM0015",0,"other",106.02861,14.690832,57345.0633462534,652.41,6.522502142,6.356387049,50.26509587,57.3450633462534,1,"Yes","Yes","No","ND","Yes","Yes","ND",1,0,1,1,"ND","Rest","ND","Other",4,141973,11.8633921776593,0.459531037591655,2014
1399,23,"Mutatá REDD+ Project","yes","no","humid","no","communities","communities","industrial wood exploitation;local livelihoods","yes","conditional","PES","yes","yes","yes","Training & Capacity Building","other","yes","Land titling & tenure security","yes","yes","yes","yes","yes","CCB;VCS","climate;biodiversity conservation;social development","Colombia","public",1261.700777,1261.700777,77.36197029,44597.34709,"VM0006","Colombia",13.57,13.28,0.29,135.72,132.75,2.97,"No","Failure",0,FALSE,FALSE,FALSE,TRUE,FALSE,FALSE,FALSE,FALSE,TRUE,FALSE,FALSE,TRUE,FALSE,FALSE,FALSE,TRUE,TRUE,FALSE,FALSE,FALSE,FALSE,FALSE,FALSE,FALSE,TRUE,FALSE,FALSE,FALSE,FALSE,FALSE,FALSE,FALSE,FALSE,FALSE,FALSE,FALSE,FALSE,FALSE,FALSE,FALSE,FALSE,FALSE,TRUE,TRUE,FALSE,FALSE,TRUE,TRUE,TRUE,FALSE,TRUE,FALSE,FALSE,TRUE,FALSE,1,0,0,1,1,1,TRUE,FALSE,FALSE,TRUE,FALSE,"COL","Colombia","America","COLr101","Antioquia (incl Medellin)",3.05381958327231,0,3.05381958327231,"POINT (-76.48778 7.298889)","VM0006",1,"humid",-76.487778,7.298889,8146.89772156675,0.29,0.07736197029,1.261700777,44.59734709,8.14689772156675,0,"Yes","No","No","Yes","Yes","Yes","Conditional",1,0,1,0,"Conditional_cash","Colombia","Yes","Other",2,33745,10.4265875371775,0.000859386575789006,2013
1400,22,"Conscosta REDD+ Project","yes","no","humid","no","communities","communities","illegal logging;local livelihoods","yes","conditional","PES","yes","yes","yes","Training & Capacity Building; Health Services; Water & Sanitation","agriculture;agroforestry","yes","Land titling & tenure security","no","yes","yes","yes","yes","VCS;CCB","climate;biodiversity conservation;social development","Colombia","public",32271.6437,32271.6437,1601.966792,91111.45256,"VM0006","Colombia",8.21,2.73,5.48,82.08,27.3,54.78,"Yes","Failure",0,FALSE,FALSE,FALSE,FALSE,TRUE,FALSE,FALSE,FALSE,TRUE,FALSE,FALSE,TRUE,FALSE,FALSE,FALSE,TRUE,TRUE,FALSE,FALSE,FALSE,FALSE,FALSE,FALSE,FALSE,TRUE,FALSE,FALSE,TRUE,FALSE,FALSE,TRUE,FALSE,TRUE,FALSE,FALSE,FALSE,TRUE,FALSE,FALSE,FALSE,FALSE,FALSE,TRUE,TRUE,FALSE,FALSE,TRUE,TRUE,TRUE,FALSE,TRUE,FALSE,FALSE,TRUE,FALSE,1,0,0,1,1,0,TRUE,FALSE,FALSE,TRUE,FALSE,"COL","Colombia","America","COLr112","Choco",2.63979099877947,0,2.63979099877947,"POINT (-77.22167 4.704722)","VM0006",1,"humid",-77.22167,4.704722,31432.8207219043,5.48,1.601966792,32.2716437,91.11145256,31.4328207219043,0,"Yes","No","No","Yes","Yes","No","Conditional",1,0,1,0,"Conditional_cash","Colombia","Yes","Other",2,54260,10.9015425862129,0.0100995208256543,2013
1503,7,"REDD+ Resex Rio Preto–Jacundá Project","yes","yes","humid","ND","private","private","cattle grazing;illegal logging;transient agriculture","yes","non-conditional","Job","no","yes","yes","Training & Capacity Building; Infrastructure & Equipment; Health Services","processing and commercialization","yes","Land use planning & demarcation","yes","yes","no","yes","yes","VCS;CCB","climate;social development;biodiversity conservation","Brazil","ngo/private non for profit;private for profit",3835.994784,3835.994784,5621.615937,138253.6823,"VM0015","Brazil",1223.89,639.88,584.01,13462.74,7038.73,6424.01,"No","Failure",0,TRUE,FALSE,TRUE,FALSE,TRUE,FALSE,FALSE,FALSE,FALSE,FALSE,TRUE,FALSE,FALSE,FALSE,TRUE,FALSE,FALSE,TRUE,FALSE,FALSE,FALSE,FALSE,FALSE,FALSE,TRUE,TRUE,FALSE,TRUE,FALSE,FALSE,FALSE,TRUE,FALSE,FALSE,FALSE,FALSE,FALSE,FALSE,FALSE,FALSE,FALSE,FALSE,TRUE,TRUE,FALSE,FALSE,TRUE,TRUE,TRUE,FALSE,TRUE,TRUE,TRUE,FALSE,FALSE,1,1,0,0,1,1,TRUE,FALSE,FALSE,FALSE,TRUE,"BRA","Brazil","America","BRAr101","Rondonia",2.75660671334968,0,2.75660671334968,"POINT (-62.25 -8.916667)","VM0015",0,"humid",-62.25,-8.916667,60777.9040970799,584.01,5.621615937,3.835994784,138.2536823,60.7779040970799,1,"Yes","Yes","ND","No","Yes","Yes","Non-conditional",1,1,0,0,"No_cash","Brazil","No","Other",3,99337,11.5062733888899,0.587907828905644,2012
1566,29,"REDD+ Project Resguardo Indígena Unificado Selva de Matavén (RIU SM)","ND","no","dry and humid","yes","communities","communities","industrial agriculture or cattle ranching;local livelihoods;mining","ND","ND","ND","ND","ND","yes","Agricultural & Livelihood Support; Infrastructure & Equipment","agriculture;agroforestry","no","ND","yes","yes","ND","ND","ND","CCB;VCS","biodiversity conservation;ecosystem restoration;social development;climate","Colombia","ngo/private non for profit;private for profit",61638.88091,61638.88091,23789.56845,220690.1576,"VM0007","Colombia",974.75,772.28,202.47,9747.45,7722.79,2024.66,"Yes","Failure",0,FALSE,TRUE,TRUE,FALSE,FALSE,FALSE,TRUE,FALSE,TRUE,FALSE,FALSE,TRUE,FALSE,FALSE,FALSE,TRUE,FALSE,FALSE,FALSE,FALSE,FALSE,FALSE,FALSE,FALSE,FALSE,TRUE,FALSE,FALSE,TRUE,FALSE,FALSE,FALSE,TRUE,FALSE,FALSE,FALSE,TRUE,FALSE,FALSE,FALSE,FALSE,FALSE,TRUE,TRUE,FALSE,FALSE,TRUE,TRUE,TRUE,FALSE,TRUE,TRUE,TRUE,FALSE,FALSE,0,0,1,0,0,1,TRUE,TRUE,FALSE,FALSE,FALSE,"COL","Colombia","America","COLr133","Vichada",2.79838488229861,0,2.79838488229861,"POINT (-68.8688 4.089561)","VM0007",0,"dry and humid",-68.868802,4.089561,106454.146086639,202.47,23.78956845,61.63888091,220.6901576,106.454146086639,1,"ND","No","Yes","ND","ND","Yes","ND",0,0,1,0,"ND","Colombia","ND","Other",4,1352610,14.1175466172644,0.0149688380242642,2013
1571,11,"Manoa REDD+ Project","yes","yes","humid","yes","private","private","cattle grazing;illegal logging;infrastructure;local livelihoods","yes","non-conditional","Job","no","yes","yes","Training & Capacity Building","agriculture;agroforestry;tree planting","no","ND","yes","yes","yes","no","yes","VCS;CCB;FSC","climate;biodiversity conservation;social development","Brazil","private for profit",7910.688344,3621.723676,1173.522078,120067.1559,"VM0015","Brazil",84.52,360.15,-275.63,845.19,3601.46,-2756.27,"No","Success",1,FALSE,FALSE,TRUE,FALSE,TRUE,TRUE,FALSE,FALSE,TRUE,FALSE,TRUE,FALSE,FALSE,FALSE,TRUE,FALSE,FALSE,TRUE,FALSE,FALSE,FALSE,FALSE,FALSE,FALSE,TRUE,FALSE,FALSE,FALSE,FALSE,FALSE,FALSE,FALSE,TRUE,FALSE,FALSE,FALSE,TRUE,FALSE,FALSE,FALSE,TRUE,FALSE,TRUE,TRUE,TRUE,FALSE,TRUE,TRUE,TRUE,FALSE,TRUE,TRUE,FALSE,FALSE,FALSE,1,1,1,0,1,1,TRUE,FALSE,FALSE,FALSE,FALSE,"BRA","Brazil","America","BRAr101","Rondonia",2.75660671334968,0,2.75660671334968,"POINT (-62.70768 -8.864257)","VM0015",0,"humid",-62.70768,-8.864257,56312.506173515,-275.63,1.173522078,3.621723676,120.0671559,56.312506173515,1,"Yes","Yes","Yes","No","Yes","Yes","Non-conditional",0,1,0,0,"No_cash","Brazil","No","Private_VCS_CCB",4,72847,11.1961166302675,-0.378368361085563,2013
1650,19,"Reduced Emissions from Deforestation and Degradation in Keo Seima Wildlife Sanctuary","no","yes","dry and humid","ND","communities","state","industrial agriculture or cattle ranching;infrastructure;slash and burn agriculture","yes","non-conditional","Job","no","yes","yes","Training & Capacity Building; Infrastructure & Equipment","ecotourism;micro-credits;plantation forestry;tree planting","yes","Land titling & tenure security","yes","yes","no","yes","no","CCB;VCS","biodiversity conservation;social development;timber production","Cambodia;United States","public;ngo/private non for profit",204.503461,204.503461,698.8425342,33793.44635,"VM0015","Cambodia",1091.43,1573.07,-481.64,14188.59,20449.92,-6261.33,"Yes","Success",1,TRUE,TRUE,TRUE,FALSE,FALSE,TRUE,FALSE,FALSE,FALSE,FALSE,FALSE,TRUE,FALSE,TRUE,FALSE,FALSE,FALSE,TRUE,FALSE,FALSE,FALSE,FALSE,FALSE,FALSE,TRUE,TRUE,FALSE,FALSE,FALSE,FALSE,FALSE,FALSE,FALSE,TRUE,TRUE,TRUE,FALSE,FALSE,FALSE,FALSE,TRUE,FALSE,TRUE,TRUE,FALSE,TRUE,TRUE,TRUE,FALSE,FALSE,TRUE,FALSE,TRUE,TRUE,FALSE,0,1,0,0,1,1,TRUE,TRUE,FALSE,TRUE,FALSE,"KHM","Cambodia","Asia/Pacific","KHMr116","Mondol Kiri-Rotanak Kiri",2.62336982785915,2.62336982785915,0,"POINT (106.921 12.13697)","VM0015",0,"dry and humid",106.921028,12.136975,23800.2323986775,-481.64,0.6988425342,0.204503461,33.79344635,23.8002323986775,1,"No","Yes","ND","No","Yes","Yes","Non-conditional",1,0,1,1,"No_cash","Rest","No","Other",4,180430,12.1030981699023,-0.266940087568586,2010
1654,10,"Fortaleza Ituxi REDD Project","ND","no","humid","yes","private","private","cattle grazing;illegal logging;industrial agriculture or cattle ranching;local livelihoods","yes","non-conditional","Job","no","yes","yes","Training & Capacity Building","tree planting","no","ND","yes","no","yes","no","yes","VCS;CCB","biodiversity conservation;climate;non timber production","Brazil","private for profit",274.0166156,274.0166156,6493.562052,217218.9184,"VM0015","Brazil",20.89,453.95,-433.06,208.89,4539.49,-4330.6,"No","Success",1,FALSE,TRUE,TRUE,FALSE,TRUE,FALSE,FALSE,FALSE,TRUE,FALSE,TRUE,FALSE,FALSE,FALSE,TRUE,FALSE,FALSE,TRUE,FALSE,FALSE,FALSE,FALSE,FALSE,FALSE,TRUE,FALSE,FALSE,FALSE,FALSE,FALSE,FALSE,FALSE,FALSE,FALSE,FALSE,FALSE,FALSE,FALSE,FALSE,FALSE,TRUE,FALSE,TRUE,TRUE,FALSE,TRUE,FALSE,TRUE,TRUE,FALSE,TRUE,TRUE,FALSE,FALSE,FALSE,0,0,1,0,1,1,TRUE,FALSE,FALSE,FALSE,FALSE,"BRA","Brazil","America","BRAr103","Amazonas",2.55393103714735,0,2.55393103714735,"POINT (-66.13333 -8.916666)","VM0015",0,"humid",-66.13333,-8.916666,140690.352118259,-433.06,6.493562052,0.2740166156,217.2189184,140.690352118259,1,"ND","No","Yes","No","Yes","Yes","Non-conditional",0,1,0,0,"No_cash","Brazil","No","Private_VCS_CCB",4,46592,10.7491841315564,-0.929472870879121,2013
1674,33,"Gilé National Reserve REDD Project","yes","yes","dry","no","communities","communities","charcoal production;illegal logging;local livelihoods;slash and burn agriculture","yes","non-conditional","Job","no","yes","yes","Training & Capacity Building; Agricultural & Livelihood Support","agriculture;tree planting","yes","ND","yes","yes","yes","ND","ND","VCS;CCB","climate;social development;biodiversity conservation","Mozambique","public;ngo/private non for profit",13862.73187,13862.73187,20007.82436,98356.32559,"VM0007","Mozambique",617.24,1180.88,-563.64,6789.69,12989.67,-6199.98,"Yes","Success",1,TRUE,FALSE,FALSE,TRUE,TRUE,FALSE,FALSE,FALSE,TRUE,FALSE,FALSE,TRUE,FALSE,FALSE,FALSE,TRUE,FALSE,TRUE,FALSE,FALSE,FALSE,FALSE,FALSE,FALSE,TRUE,FALSE,FALSE,FALSE,TRUE,FALSE,FALSE,FALSE,FALSE,FALSE,FALSE,FALSE,TRUE,FALSE,FALSE,FALSE,TRUE,FALSE,TRUE,TRUE,FALSE,FALSE,TRUE,TRUE,TRUE,FALSE,TRUE,FALSE,TRUE,TRUE,FALSE,1,1,0,0,1,1,FALSE,TRUE,FALSE,FALSE,FALSE,"MOZ","Mozambique","Africa","MOZr104","Zambezia",2.58466913904459,2.58466913904459,0,"POINT (38.33357 -16.62239)","VM0007",0,"dry",38.333569,-16.622393,54609.6817270133,-563.64,20.00782436,13.86273187,98.35632559,54.6096817270133,0,"Yes","Yes","No","No","Yes","Yes","Non-conditional",1,0,1,0,"No_cash","Rest","No","Other",4,152390,11.9341983032839,-0.369866789159394,2012
1686,12,"Agrocortex REDD Project","no","ND","humid","ND","state;private;communities","state;private;communities","illegal logging;industrial agriculture or cattle ranching;industrial wood exploitation;infrastructure","yes","non-conditional","Job","no","yes","yes","Training & Capacity Building","ND","yes","Land use planning & demarcation","yes","yes","yes","no","yes","VCS","biodiversity conservation;climate;social development","Brazil","private for profit",40370.90243,35810.19656,1060.451109,285082.0201,"VM0015","Brazil",167.37,25.34,142.03,1506.33,228.09,1278.24,"No","Failure",0,FALSE,TRUE,TRUE,TRUE,TRUE,TRUE,FALSE,FALSE,FALSE,FALSE,TRUE,TRUE,TRUE,TRUE,TRUE,TRUE,FALSE,TRUE,FALSE,FALSE,FALSE,FALSE,FALSE,FALSE,TRUE,FALSE,FALSE,FALSE,FALSE,FALSE,FALSE,FALSE,FALSE,FALSE,FALSE,FALSE,FALSE,FALSE,FALSE,FALSE,FALSE,FALSE,TRUE,FALSE,FALSE,FALSE,TRUE,TRUE,TRUE,FALSE,TRUE,TRUE,FALSE,FALSE,FALSE,0,0,0,0,1,1,TRUE,FALSE,FALSE,FALSE,TRUE,"BRA","Brazil","America","BRAr102","Acre",2.54112444850257,0,2.54112444850257,"POINT (-70.5265 -9.047868)","VM0015",0,"humid",-70.526498,-9.047868,98697.2612989005,142.03,1.060451109,35.81019656,285.0820201,98.6972612989005,1,"No","ND","ND","No","Yes","Yes","Non-conditional",1,1,1,1,"No_cash","Brazil","No","Private_VCS_only",5,186369,12.1354838583899,0.0762090261792465,2014
1775,47,"Luangwa Community Forests Project","yes","ND","other","no","communities","communities","charcoal production;energy wood;local livelihoods;slash and burn agriculture","yes","conditional","Carbon revenue sharing; Indirect income","yes","ND","yes","Training & Capacity Building; Microfinance & Enterprise Support","agriculture;agroforestry;microenterprise;other","yes","Land use planning & demarcation","yes","yes","ND","ND","ND","VCS","social development;biodiversity conservation;ND","Zambia;Germany","ngo/private non for profit;private for profit",5097.635198,411.1155349,388.1284402,66730.56799,"VM0009","Zambia",146.57,320.77,-174.2,1172.52,2566.13,-1393.61,NA,"Success",1,TRUE,FALSE,FALSE,TRUE,FALSE,FALSE,FALSE,FALSE,TRUE,FALSE,FALSE,TRUE,FALSE,FALSE,FALSE,TRUE,FALSE,FALSE,TRUE,FALSE,FALSE,FALSE,TRUE,FALSE,TRUE,FALSE,TRUE,FALSE,FALSE,FALSE,FALSE,FALSE,TRUE,TRUE,FALSE,FALSE,TRUE,FALSE,FALSE,FALSE,FALSE,FALSE,TRUE,FALSE,FALSE,FALSE,TRUE,TRUE,FALSE,FALSE,TRUE,TRUE,TRUE,FALSE,FALSE,1,0,0,1,0,1,FALSE,FALSE,TRUE,FALSE,TRUE,"ZMB","Zambia","Africa","ZMBr103","Eastern",2.35158525830275,2.35158525830275,0,"POINT (32.86468 -12.8202)","VM0009",1,"other",32.86468,-12.820198,70296.0859933477,-174.2,0.3881284402,0.4111155349,66.73056799,70.2960859933477,0,"Yes","ND","No","Yes","ND","Yes","Conditional",1,0,1,0,"Conditional_cash","Rest","Yes","Other",3,944380,13.7582839065021,-0.0184459645481692,2015
1799,43,"Forest Management to Mitigate Climate Change in Native Community of Bélgica, Madre de Dios Region -- Peru","yes","no","humid","no","communities","communities","industrial wood exploitation;slash and burn agriculture;industrial agriculture or cattle ranching;illegal logging;infrastructure","yes","conditional","Carbon revenue sharing","yes","yes","yes","Training & Capacity Building","agroforestry;fishing;ntfp;other silvopastoral;other sustainable timber harvesting","no","ND","yes","yes","no","ND","yes","VCS;CCB","climate;social development;biodiversity conservation","Peru","ngo/private non for profit",546.8325189,546.8325189,562.6011409,88869.73047,"VM0015","Peru",85.8,60.08,25.72,514.8,360.48,154.32,"No","Failure",0,TRUE,TRUE,TRUE,TRUE,TRUE,TRUE,FALSE,FALSE,FALSE,FALSE,FALSE,TRUE,FALSE,FALSE,FALSE,TRUE,FALSE,FALSE,TRUE,FALSE,FALSE,FALSE,FALSE,FALSE,TRUE,FALSE,FALSE,FALSE,FALSE,FALSE,FALSE,FALSE,TRUE,FALSE,FALSE,TRUE,FALSE,FALSE,TRUE,TRUE,FALSE,FALSE,TRUE,TRUE,FALSE,FALSE,TRUE,TRUE,TRUE,FALSE,TRUE,FALSE,TRUE,FALSE,FALSE,1,0,0,1,1,1,TRUE,FALSE,FALSE,FALSE,FALSE,"PER","Peru","America","PERr103","East (Madre de Dios, Cusco, Puno, Apurimac)",2.70647457937112,0,2.70647457937112,"POINT (-69.57961 -10.9479)","VM0015",1,"humid",-69.579607,-10.947901,52141.0455851221,25.72,0.5626011409,0.5468325189,88.86973047,52.1410455851221,1,"Yes","No","No","Yes","Yes","Yes","Conditional",0,0,1,0,"Conditional_cash","Peru","Yes","NGO_VCS_CCB",6,52807,10.8743990366645,0.0487056640218153,2017
1882,40,"REDD+ Project in the Alto Huayabamba Conservation Concession (CCAH)","no","no","humid","ND","private","private","infrastructure;local livelihoods;mining","yes","conditional","PES","yes","ND","yes","Training & Capacity Building","ecotourism;processing and commercialization","no","ND","yes","yes","no","ND","ND","CCB;VCS","biodiversity conservation;social development;participatory forest management","Peru","ngo/private non for profit",16900.56648,16900.56648,3805.655489,121860.4551,"VM0015","Peru",19.85,48.59,-28.74,198.54,485.87,-287.33,"Yes","Success",1,FALSE,FALSE,FALSE,FALSE,FALSE,TRUE,TRUE,FALSE,TRUE,FALSE,TRUE,FALSE,FALSE,FALSE,TRUE,FALSE,TRUE,FALSE,FALSE,FALSE,FALSE,FALSE,FALSE,FALSE,TRUE,FALSE,FALSE,FALSE,FALSE,FALSE,FALSE,TRUE,FALSE,FALSE,TRUE,FALSE,FALSE,FALSE,FALSE,FALSE,FALSE,FALSE,TRUE,TRUE,FALSE,TRUE,TRUE,TRUE,FALSE,FALSE,TRUE,FALSE,TRUE,FALSE,FALSE,0,0,0,1,0,1,TRUE,FALSE,FALSE,FALSE,FALSE,"PER","Peru","America","PERr102","North East (Amazonas, Loreto, San Martin, Ucayali)",2.70717511586071,0,2.70717511586071,"POINT (-77.17175 -7.255525)","VM0015",1,"humid",-77.171749,-7.255525,48342.067866862,-28.74,3.805655489,16.90056648,121.8604551,48.342067866862,0,"No","No","ND","Yes","ND","Yes","Conditional",0,1,0,0,"Conditional_cash","Peru","Yes","NGO_VCS_CCB",3,53416,10.8858656055377,-0.053804103639359,2013
1897,45,"Ntakata Mountains REDD Project","yes","no","humid","yes","communities","state","cattle grazing;infrastructure;local livelihoods;mining;slash and burn agriculture","yes","non-conditional","Job","no","yes","yes","Training & Capacity Building; Microfinance & Enterprise Support; Health Services","agriculture","yes","Land use planning & demarcation","yes","yes","no","yes","yes","VCS;CCB","participatory forest management;climate;biodiversity conservation","Tanzania, United Republic of","ngo/private non for profit",20.73385889,20.73385889,4489.787115,90827.53221,"VM0007","Tanzania",1336.62,659.17,677.45,8019.72,3955.01,4064.71,"Yes","Failure",0,TRUE,FALSE,TRUE,FALSE,FALSE,TRUE,TRUE,FALSE,TRUE,FALSE,FALSE,TRUE,FALSE,TRUE,FALSE,FALSE,FALSE,TRUE,FALSE,FALSE,FALSE,FALSE,FALSE,FALSE,TRUE,FALSE,TRUE,TRUE,FALSE,FALSE,FALSE,FALSE,FALSE,FALSE,FALSE,FALSE,TRUE,FALSE,FALSE,FALSE,FALSE,FALSE,TRUE,TRUE,FALSE,TRUE,FALSE,TRUE,TRUE,FALSE,TRUE,FALSE,TRUE,FALSE,FALSE,1,0,1,0,1,1,TRUE,FALSE,FALSE,FALSE,TRUE,"TZA","Tanzania","Africa","TZAr205","Morogoro",3.21626514717181,3.21626514717181,0,"POINT (35.62566 -9.118547)","VM0007",0,"humid",35.625665,-9.118547,40706.6680206374,677.45,4.489787115,0.02073385889,90.82753221,40.7066680206374,1,"Yes","No","Yes","No","Yes","Yes","Non-conditional",1,0,1,1,"No_cash","Rest","No","NGO_VCS_CCB",5,204806,12.2298184685933,0.330776442096423,2017
2252,13,"Rio Anapu-Pacaja REDD Project","no","no","humid","no","communities","communities","local livelihoods","yes","non-conditional","Job","no","yes","yes","Training & Capacity Building; Infrastructure & Equipment; Health Services","agriculture;agroforestry;ecotourism;fuel efficient stoves","yes","Land titling & tenure security","yes","yes","no","no","yes","VCS;CCB","indigenous peoples;social development;climate","Brazil","private for profit",30.88281028,30.88281028,1160.280722,45696.45397,"VM0015","Brazil",223.64,661.32,-437.68,1565.46,4629.21,-3063.75,"No","Success",1,FALSE,FALSE,FALSE,FALSE,FALSE,FALSE,FALSE,FALSE,TRUE,FALSE,FALSE,TRUE,FALSE,FALSE,FALSE,TRUE,FALSE,TRUE,FALSE,FALSE,FALSE,FALSE,FALSE,FALSE,TRUE,TRUE,FALSE,TRUE,FALSE,FALSE,FALSE,FALSE,TRUE,FALSE,TRUE,FALSE,TRUE,TRUE,FALSE,FALSE,FALSE,FALSE,TRUE,TRUE,FALSE,FALSE,TRUE,FALSE,TRUE,FALSE,TRUE,TRUE,FALSE,FALSE,FALSE,0,0,0,0,1,1,TRUE,FALSE,FALSE,TRUE,FALSE,"BRA","Brazil","America","BRAr105","Para",2.45272766955273,0,2.45272766955273,"POINT (-50.82404 -1.938712)","VM0015",0,"humid",-50.82404,-1.938712,0,-437.68,1.160280722,0.03088281028,45.69645397,0,0,"No","No","No","No","Yes","Yes","Non-conditional",1,0,1,0,"No_cash","Brazil","No","Private_VCS_CCB",1,164968,12.0135067946801,-0.265312060520828,2016
2278,42,"The Jaguar Amazon REDD+ Project","no","yes","humid","no","private","private","industrial wood exploitation","yes","non-conditional","Job","no","yes","yes","Training & Capacity Building; Microfinance & Enterprise Support; Water & Sanitation","agriculture;fishing","no","ND","no","yes","no","no","yes","CCB;VCS","climate;social development;biodiversity conservation","Uruguay","ngo/private non for profit",12507.13625,12507.13625,2734.660234,189258.5216,"VM0006","Peru",67.5,52.08,15.42,337.5,260.4,77.1,"No","Failure",0,FALSE,FALSE,FALSE,TRUE,FALSE,FALSE,FALSE,FALSE,FALSE,FALSE,TRUE,FALSE,FALSE,FALSE,TRUE,FALSE,FALSE,TRUE,FALSE,FALSE,FALSE,FALSE,FALSE,FALSE,TRUE,FALSE,TRUE,FALSE,FALSE,FALSE,TRUE,FALSE,FALSE,FALSE,FALSE,FALSE,TRUE,FALSE,FALSE,TRUE,FALSE,FALSE,TRUE,TRUE,FALSE,FALSE,TRUE,TRUE,TRUE,FALSE,FALSE,FALSE,TRUE,FALSE,FALSE,0,1,0,0,1,0,TRUE,FALSE,FALSE,FALSE,FALSE,"PER","Peru","America","PERr103","East (Madre de Dios, Cusco, Puno, Apurimac)",2.70647457937112,0,2.70647457937112,"POINT (-70.47665 -11.20993)","VM0006",0,"humid",-70.476654,-11.209927,111219.992656823,15.42,2.734660234,12.50713625,189.2585216,111.219992656823,0,"No","Yes","No","No","Yes","No","Non-conditional",0,1,0,0,"No_cash","Peru","No","NGO_VCS_CCB",1,183015,12.1173233956775,0.0084255388902549,2018
2373,14,"Yellow Ipê Grouped REDD Project","ND","yes","humid","no","private;state;communities","private;state","cattle grazing;infrastructure;local livelihoods","yes","conditional","Pension; PES","yes","ND","yes","Training & Capacity Building","ntfp","no","ND","yes","yes","yes","no","yes","VCS","climate;social development;biodiversity conservation","Brazil","private for profit",42806.70798,11032.4212,4268.102833,276880.1315,"VM0015","Brazil",27.51,13.48,14.03,82.53,40.46,42.07,NA,"Failure",0,FALSE,FALSE,TRUE,FALSE,FALSE,TRUE,FALSE,FALSE,TRUE,FALSE,TRUE,TRUE,TRUE,TRUE,TRUE,FALSE,TRUE,FALSE,FALSE,TRUE,FALSE,FALSE,FALSE,FALSE,TRUE,FALSE,FALSE,FALSE,FALSE,FALSE,FALSE,FALSE,FALSE,FALSE,FALSE,FALSE,FALSE,FALSE,TRUE,FALSE,FALSE,FALSE,TRUE,FALSE,FALSE,FALSE,TRUE,TRUE,TRUE,FALSE,TRUE,TRUE,FALSE,FALSE,FALSE,0,1,0,1,0,1,TRUE,FALSE,FALSE,FALSE,FALSE,"BRA","Brazil","America","BRAr103","Amazonas",2.55393103714735,0,2.55393103714735,"POINT (-59.69653 -5.623778)","VM0015",1,"humid",-59.696525,-5.6237778,92659.2012067781,14.03,4.268102833,11.0324212,276.8801315,92.6592012067781,1,"ND","Yes","No","Yes","ND","Yes","Conditional",0,1,1,1,"Conditional_cash","Brazil","Yes","Private_VCS_only",3,85985,11.3619281414183,0.0163167994417631,2020
2502,51,"Tahuamanu Amazon REDD Project","no","yes","humid","no","communities","public","agriculture;illegal logging","yes","conditional","Job","no","yes","yes","Health Services; Water & Sanitation; Training & Capacity Building","agriculture","yes","Land titling & tenure security; Land use planning & demarcation","yes","yes","yes","yes","yes","VCS;CCB","climate;biodiversity conservation;social development","Peru","Private for profit",25479.45382,14349.87559,3641.484081,137273.4016,"VM0006","Peru",254.03,242.87,11.16,1524.15,1457.23,66.92,"No","Failure",0,FALSE,FALSE,FALSE,FALSE,TRUE,FALSE,FALSE,FALSE,FALSE,FALSE,FALSE,TRUE,FALSE,TRUE,FALSE,FALSE,FALSE,TRUE,FALSE,FALSE,FALSE,FALSE,FALSE,FALSE,TRUE,FALSE,FALSE,TRUE,FALSE,FALSE,TRUE,FALSE,FALSE,FALSE,FALSE,FALSE,TRUE,FALSE,FALSE,FALSE,FALSE,FALSE,TRUE,TRUE,FALSE,FALSE,TRUE,TRUE,TRUE,FALSE,TRUE,TRUE,FALSE,FALSE,FALSE,0,1,0,0,1,1,TRUE,FALSE,FALSE,TRUE,TRUE,"PER","Peru","America","PERr103","East (Madre de Dios, Cusco, Puno, Apurimac)",2.70647457937112,0,2.70647457937112,"POINT (-69.9737 -11.35905)","VM0006",1,"humid",-69.973701,-11.359049,53272.4796762479,11.16,3.641484081,14.34987559,137.2734016,53.272479676248,0,"No","Yes","No","No","Yes","Yes","Conditional",1,0,1,1,"No_cash","Peru","No","Private_VCS_CCB",1,171584,12.0528282215956,0.00650410294666169,2017
2508,16,"Unitor REDD+ Project","yes","no","humid","yes","private;communities","private","industrial agriculture or cattle ranching;population increase;infrastructure;illegal logging;fire;other policy","yes","conditional","Carbon revenue sharing","yes","yes","yes","Health Services","ntfp","yes","Land titling & tenure security","yes","yes","no","ND","yes","VCS","climate;biodiversity conservation;social development","Brazil","private for profit;local communities/landowners/cooperatives",5589.264591,5589.264591,8985.638498,183779.4732,"VM0015","Brazil",211.58,625.23,-413.65,1057.86,3126.12,-2068.26,NA,"Success",1,FALSE,TRUE,TRUE,FALSE,TRUE,TRUE,FALSE,FALSE,FALSE,TRUE,TRUE,TRUE,FALSE,FALSE,TRUE,FALSE,FALSE,FALSE,TRUE,FALSE,FALSE,FALSE,FALSE,FALSE,FALSE,FALSE,FALSE,TRUE,FALSE,FALSE,FALSE,FALSE,FALSE,FALSE,FALSE,FALSE,FALSE,FALSE,TRUE,FALSE,FALSE,FALSE,TRUE,FALSE,FALSE,FALSE,TRUE,TRUE,TRUE,FALSE,TRUE,TRUE,FALSE,FALSE,TRUE,1,0,1,1,1,1,TRUE,FALSE,FALSE,TRUE,FALSE,"BRA","Brazil","America","BRAr103","Amazonas",2.55393103714735,0,2.55393103714735,"POINT (-66.34702 -9.142691)","VM0015",1,"humid",-66.347021,-9.142691,123669.304294395,-413.65,8.985638498,5.589264591,183.7794732,123.669304294395,1,"Yes","No","Yes","Yes","Yes","Yes","Conditional",1,1,1,0,"Conditional_cash","Brazil","Yes","Other",5,98761,11.5004580689648,-0.418839420418991,2018
2510,52,"Chinko Conservation Area REDD+ Project","no","yes","dry and humid","no","communities","public","local livelihoods;slash and burn agriculture","yes","conditional","Job","no","yes","yes","Training & Capacity Building; Health Services; Water & Sanitation; Agricultural & Livelihood Support","agriculture;other","no","ND","yes","yes","yes","yes","yes","VCS;CCB","climate;community;biodiversity conservation","Central African Republic","NGO",9622.004569,3621.231888,27027.7917,270563.0464,"VM0009","Central African Republic",13.01,28.87,-15.86,91.08,202.12,-111.04,"No","Success",1,TRUE,FALSE,FALSE,FALSE,FALSE,FALSE,FALSE,FALSE,TRUE,FALSE,FALSE,TRUE,FALSE,TRUE,FALSE,FALSE,FALSE,TRUE,FALSE,FALSE,FALSE,FALSE,FALSE,FALSE,TRUE,FALSE,FALSE,TRUE,TRUE,FALSE,TRUE,FALSE,FALSE,FALSE,FALSE,FALSE,TRUE,FALSE,FALSE,FALSE,FALSE,FALSE,TRUE,TRUE,FALSE,FALSE,TRUE,TRUE,TRUE,FALSE,TRUE,FALSE,TRUE,FALSE,FALSE,0,1,0,0,1,1,TRUE,TRUE,FALSE,FALSE,FALSE,"CAF","Central African Republic CAR","Africa","CAFr105","RS V (Basse Kotto, Mbornou, Houte Mbormou)",2.5468267626542,2.5468267626542,0,"POINT (23.94106 6.251735)","VM0009",1,"dry and humid",23.941062,6.251735,119930.35401371,-15.86,27.0277917,3.621231888,270.5630464,119.93035401371,0,"No","Yes","No","No","Yes","Yes","Conditional",0,0,1,1,"No_cash","Rest","No","NGO_VCS_CCB",2,237509,12.3779607964757,-0.00667764168936756,2016
2539,15,"Evergreen REDD+ Project","yes","yes","humid","ND","private;communities","private","illegal logging;agriculture;local livelihoods","yes","non-conditional","Job","no","yes","yes","Infrastructure & Equipment","ntfp","yes","ND","yes","yes","ND","ND","ND","VCS","ecosystem restoration;social development;biodiversity conservation","Brazil","private for profit",34767.40209,34767.40209,28811.48882,465308.0376,"VM0007","Brazil",10.62,29.15,-18.53,31.86,87.44,-55.58,"Yes","Success",1,FALSE,FALSE,FALSE,FALSE,TRUE,FALSE,FALSE,FALSE,TRUE,FALSE,TRUE,TRUE,FALSE,FALSE,TRUE,FALSE,FALSE,TRUE,FALSE,FALSE,FALSE,FALSE,FALSE,FALSE,FALSE,TRUE,FALSE,FALSE,FALSE,FALSE,FALSE,FALSE,FALSE,FALSE,FALSE,FALSE,FALSE,FALSE,TRUE,FALSE,FALSE,FALSE,TRUE,FALSE,FALSE,FALSE,TRUE,TRUE,FALSE,FALSE,TRUE,TRUE,FALSE,FALSE,FALSE,1,1,0,0,1,1,TRUE,FALSE,FALSE,FALSE,FALSE,"BRA","Brazil","America","BRAr103","Amazonas",2.55393103714735,0,2.55393103714735,"POINT (-59.39498 -7.560309)","VM0007",0,"humid",-59.394978,-7.560309,67056.5835332932,-18.53,28.81148882,34.76740209,465.3080376,67.0565835332932,0,"Yes","Yes","ND","No","Yes","Yes","Non-conditional",1,1,1,0,"No_cash","Brazil","No","Private_VCS_only",2,130811,11.7815088123285,-0.0141654753805108,2020
2558,48,"ABC Norte REDD Project","yes","no","humid","no","private","private","industrial agriculture or cattle ranching;illegal logging;infrastructure;slash and burn agriculture;industrial wood exploitation","yes","conditional","PES","no","yes","yes","Training & Capacity Building; Agricultural & Livelihood Support","other","no","ND","yes","yes","no","yes","yes","VCS;CCB","climate;biodiversity conservation;social development","Brazil","Private for profit",23009.70804,23009.70804,2697.710996,85433.88264,"VM0015","Brazil",144.86,770.17,-625.31,869.13,4621.02,-3751.89,"Yes","Success",1,TRUE,TRUE,TRUE,TRUE,TRUE,TRUE,FALSE,FALSE,FALSE,FALSE,TRUE,FALSE,FALSE,FALSE,TRUE,FALSE,TRUE,FALSE,FALSE,FALSE,FALSE,FALSE,FALSE,FALSE,TRUE,FALSE,FALSE,FALSE,TRUE,FALSE,FALSE,FALSE,FALSE,FALSE,FALSE,FALSE,FALSE,FALSE,FALSE,FALSE,FALSE,FALSE,TRUE,TRUE,FALSE,FALSE,TRUE,TRUE,TRUE,FALSE,TRUE,TRUE,FALSE,FALSE,FALSE,1,0,0,0,1,1,TRUE,FALSE,FALSE,FALSE,FALSE,"BRA","Brazil","America","BRAr105","Para",2.45272766955273,0,2.45272766955273,"POINT (-50.161 -2.4)","VM0015",1,"humid",-50.161,-2.4,53975.0235739407,-625.31,2.697710996,23.00970804,85.43388264,53.9750235739407,1,"Yes","No","No","No","Yes","Yes","Conditional",0,1,0,0,"No_cash","Brazil","No","Private_VCS_CCB",6,145776,11.8898264759536,-0.428952639666337,2017
2566,49,"The Serra do Amolar REDD+ Project","yes","yes","humid","no","communities","state;private;communities","industrial agriculture;cattle ranching","yes","conditional","Job; Ecotourism","no","yes","yes","Training & Capacity Building; Infrastructure & Equipment","ecotourism","yes","Land use planning & demarcation","yes","yes","yes","yes","yes","VCS;CCB","climate;social development;biodiversity conservation","Brazil","NGO",13955.91429,13955.91429,1693.96252,120892.2908,"VM0015","Brazil",3544.13,1119.65,2424.48,24682.86,7837.55,16845.31,NA,"Failure",0,FALSE,TRUE,TRUE,FALSE,FALSE,FALSE,FALSE,FALSE,FALSE,FALSE,FALSE,TRUE,FALSE,TRUE,TRUE,TRUE,FALSE,TRUE,FALSE,FALSE,FALSE,TRUE,FALSE,FALSE,TRUE,TRUE,FALSE,FALSE,FALSE,FALSE,FALSE,FALSE,FALSE,FALSE,TRUE,FALSE,FALSE,FALSE,FALSE,FALSE,FALSE,FALSE,TRUE,TRUE,FALSE,FALSE,TRUE,TRUE,TRUE,FALSE,TRUE,FALSE,TRUE,FALSE,FALSE,1,1,0,0,1,1,TRUE,FALSE,FALSE,FALSE,TRUE,"BRA","Brazil","America","BRAr124","Mato Grosso do Sul",3.13538473447614,0,3.13538473447614,"POINT (-57.50877 -17.96742)","VM0015",1,"humid",-57.508772,-17.967422,120862.112741674,2424.48,1.69396252,13.95591429,120.8922908,120.862112741674,1,"Yes","Yes","No","No","Yes","Yes","Conditional",1,1,1,1,"No_cash","Brazil","No","NGO_VCS_CCB",2,135199,11.8145030461139,1.79326770168418,2016
2723,50,"Condoto REDD+ Project","yes","no","humid","yes","communities","communities","mining;illegal logging;local livelihoods","yes","conditional","Job","no","yes","yes","Training & Capacity Building; Health Services; Water & Sanitation; Agricultural & Livelihood Support","agriculture","yes","Land use planning & demarcation","yes","yes","yes","yes","yes","VCS;CCB","climate;biodiversity conservation;social development","Colombia","public;private for profit",2445.776302,2445.776302,1663.067627,64036.79557,"VM0007","Colombia",42.39,39.75,2.64,169.56,159,10.56,"No","Failure",0,FALSE,FALSE,FALSE,FALSE,TRUE,FALSE,TRUE,FALSE,TRUE,FALSE,FALSE,TRUE,FALSE,FALSE,FALSE,TRUE,FALSE,TRUE,FALSE,FALSE,FALSE,FALSE,FALSE,FALSE,TRUE,FALSE,FALSE,TRUE,TRUE,FALSE,TRUE,FALSE,FALSE,FALSE,FALSE,FALSE,TRUE,FALSE,FALSE,FALSE,FALSE,FALSE,TRUE,TRUE,FALSE,FALSE,TRUE,TRUE,TRUE,FALSE,TRUE,TRUE,FALSE,TRUE,FALSE,1,0,1,0,1,1,TRUE,FALSE,FALSE,FALSE,TRUE,"COL","Colombia","America","COLr112","Choco",2.63979099877947,0,2.63979099877947,"POINT (-76.58771 5.094653)","VM0007",1,"humid",-76.587708,5.094653,5431.17001153797,2.64,1.663067627,2.445776302,64.03679557,5.43117001153797,0,"Yes","No","Yes","No","Yes","Yes","Conditional",1,0,1,0,"No_cash","Colombia","No","Other",3,72385,11.1897543745881,0.00364716446777647,2019
